Data Source;World Development Indicators;;;;;;;;;;;;;;;;;;;;;;;;;
Last Updated Date;25/05/22;;;;;;;;;;;;;;;;;;;;;;;;;
;;;;;;;;;;;;;;;;;;;;;;;;;;
Country Name;Country Code;Indicator Name;Indicator Code;1999;2000;2001;2002;2003;2004;2005;2006;2007;2008;2009;2010;2011;2012;2013;2014;2015;2016;2017;2018;2019;2020;2021
Aruba;ABW;Population, female;SP.POP.TOTL.FE.IN;45858;47019;48249;49506;50706;51716;52454;52895;53086;53109;53112;53200;53402;53695;54050;54408;54742;55044;55328;55602;55867;56124;
Africa Eastern and Southern;AFE;Population, female;SP.POP.TOTL.FE.IN;195855459;200985544;206249128;211655114;217219737;222965267;228908107;235056143;241410391;247972024;254736483;261702432;268866603;276231936;283785702;291513480;299403888;307452123;315655751;324003969;332485163;341090736;
Afghanistan;AFG;Population, female;SP.POP.TOTL.FE.IN;9784258;10090449;10489238;10958668;11466237;11962963;12414590;12809162;13161572;13496556;13850751;14249755;14702050;15196504;15715314;16232001;16727437;17196034;17644126;18078879;18512030;18952076;
Africa Western and Central;AFW;Population, female;SP.POP.TOTL.FE.IN;129965003;133462296;137042841;140713935;144490048;148390233;152428247;156610597;160934220;165391199;169968863;174658066;179456229;184366749;189393102;194540936;199813894;205213033;210735530;216376208;222127882;227985427;
Angola;AGO;Population, female;SP.POP.TOTL.FE.IN;7969817;8240458;8521795;8814755;9122235;9447886;9794134;10162225;10551020;10957506;11377265;11806970;12245836;12694373;13151985;13618285;14093136;14576127;15067450;15568328;16080520;16605398;
Albania;ALB;Population, female;SP.POP.TOTL.FE.IN;1543050;1525873;1509233;1506138;1504374;1502239;1497383;1489229;1478257;1466219;1454862;1445588;1438949;1433116;1426832;1420670;1414246;1410814;1409327;1406333;1401011;1393469;
Andorra;AND;Population, female;SP.POP.TOTL.FE.IN;;;;;;;;;;;;;;;;;;;;;;;
Arab World;ARB;Population, female;SP.POP.TOTL.FE.IN;135454007;138369759;141291510;144229745;147220575;150310846;153533815;156899292;160396838;164016302;167730225;171518007;175384870;179326140;183297548;187242559;191123779;194912155;198619733;202328788;206119753;210055400;
United Arab Emirates;ARE;Population, female;SP.POP.TOTL.FE.IN;971239;1016932;1063983;1113817;1173726;1253344;1358723;1492804;1651188;1823380;1994691;2154032;2298030;2428283;2544751;2648905;2742042;2823141;2891724;2950609;3003720;3054051;
Argentina;ARG;Population, female;SP.POP.TOTL.FE.IN;18763440;18976071;19185008;19390957;19594321;19795649;19995559;20193900;20391134;20589210;20790604;20941910;21178884;21415097;21650186;21883730;22115261;22344847;22572521;22797803;23020216;23239321;
Armenia;ARM;Population, female;SP.POP.TOTL.FE.IN;1638218;1628677;1618693;1609123;1599617;1589758;1579392;1568085;1556118;1544816;1536021;1530963;1530148;1532984;1538334;1544503;1550226;1555133;1559427;1563141;1566459;1569487;
American Samoa;ASM;Population, female;SP.POP.TOTL.FE.IN;;;;;;;;;;;;;;;;;;;;;;;
Antigua and Barbuda;ATG;Population, female;SP.POP.TOTL.FE.IN;39545;40297;40924;41444;41886;42338;42832;43401;44012;44663;45299;45912;46487;47034;47559;48060;48543;49002;49439;49863;50264;50659;
Australia;AUS;Population, female;SP.POP.TOTL.FE.IN;9489571;9598862;9727041;9846313;9969174;10085124;10216808;10363782;10422152;10626574;10843809;11013858;11172755;11378171;11586371;11770519;11948693;12141288;12349632;12541215;12733486;12898338;
Austria;AUT;Population, female;SP.POP.TOTL.FE.IN;4116125;4123171;4136937;4156033;4175478;4200660;4228324;4247864;4259861;4271066;4279831;4287444;4299034;4315556;4337527;4367372;4411651;4453787;4478340;4493586;4507562;4521310;
Azerbaijan;AZE;Population, female;SP.POP.TOTL.FE.IN;4082757;4113396;4140710;4165648;4190435;4220362;4257347;4298722;4342687;4430218;4518717;4568408;4624010;4681717;4738628;4794145;4847591;4898038;4942298;4981391;5020148;5051462;
Burundi;BDI;Population, female;SP.POP.TOTL.FE.IN;3193517;3246943;3318648;3406889;3508789;3619552;3735550;3856333;3982782;4114011;4249199;4387755;4528952;4672691;4819833;4971727;5129299;5292745;5461514;5634849;5811589;5990917;
Belgium;BEL;Population, female;SP.POP.TOTL.FE.IN;5219839;5231510;5248012;5269639;5289562;5310399;5337874;5371633;5409818;5451570;5494816;5544815;5617613;5653189;5679989;5703536;5732314;5753945;5766141;5781326;5802420;5822396;
Benin;BEN;Population, female;SP.POP.TOTL.FE.IN;3384292;3483088;3585778;3691953;3801242;3913010;4026821;4142660;4260764;4381293;4504448;4630420;4759222;4890899;5025698;5163932;5305830;5451503;5600895;5753796;5909895;6068950;
Burkina Faso;BFA;Population, female;SP.POP.TOTL.FE.IN;5744496;5906289;6073090;6245192;6423210;6607939;6799932;6999445;7206343;7420314;7640862;7867592;8100461;8339523;8584578;8835398;9091844;9353835;9621388;9894592;10173609;10458565;
Bangladesh;BGD;Population, female;SP.POP.TOTL.FE.IN;60836454;62062864;63271242;64460652;65621300;66741555;67813911;68833643;69804543;70738452;71652503;72559741;73463440;74361840;75256812;76149165;77039130;77928241;78816353;79699596;80572382;81430275;
Bulgaria;BGR;Population, female;SP.POP.TOTL.FE.IN;4206651;4188546;4108086;4021456;3990835;3961457;3931942;3901938;3872722;3844865;3819570;3794289;3770298;3749213;3729310;3709343;3686934;3662344;3636886;3611859;3587537;3566901;
Bahrain;BHR;Population, female;SP.POP.TOTL.FE.IN;272674;283385;294861;307145;320830;336655;355017;376356;400131;424602;447377;466813;482116;493912;503660;513533;525097;538855;554227;570464;586367;601109;
Bahamas, The;BHS;Population, female;SP.POP.TOTL.FE.IN;150496;152870;155430;158124;160976;163970;167075;170333;173698;177029;180150;182929;185312;187327;189106;190815;192592;194446;196365;198313;200256;202155;
Bosnia and Herzegovina;BIH;Population, female;SP.POP.TOTL.FE.IN;1906472;1909565;1911254;1912945;1914271;1915273;1915817;1915826;1914514;1910269;1901145;1885941;1863814;1835725;1804557;1774341;1748019;1726540;1709262;1695554;1684199;1674206;
Belarus;BLR;Population, female;SP.POP.TOTL.FE.IN;5319112;5294875;5270698;5241939;5211247;5181953;5152390;5126055;5107216;5093492;5083923;5074695;5063427;5054917;5051647;5053021;5058590;5062381;5056547;5045602;5035043;5012881;
Belize;BLZ;Population, female;SP.POP.TOTL.FE.IN;118646;122794;126663;130322;133849;137430;141136;145011;148995;153039;157107;161137;165121;169084;173008;176919;180791;184647;188479;192273;196070;199860;
Bermuda;BMU;Population, female;SP.POP.TOTL.FE.IN;;;;;;;;;;;;;;;;;;;;;;;
Bolivia;BOL;Population, female;SP.POP.TOTL.FE.IN;4103291;4183450;4263569;4343643;4423766;4504108;4584778;4665756;4746982;4828485;4910315;4992487;5075025;5157863;5240835;5323698;5406288;5488505;5570366;5651979;5733491;5815010;
Brazil;BRA;Population, female;SP.POP.TOTL.FE.IN;86926088;88208705;89459431;90679052;91864663;93013715;94125016;95196581;96229936;97231896;98211956;99177368;100129355;101066961;101992473;102907992;103814243;104712864;105601737;106473081;107316359;108123626;
Barbados;BRB;Population, female;SP.POP.TOTL.FE.IN;140479;141059;141594;142102;142595;143113;143674;144306;144981;145651;146253;146745;147110;147358;147525;147656;147779;147896;148006;148115;148208;148287;
Brunei Darussalam;BRN;Population, female;SP.POP.TOTL.FE.IN;160335;164416;168022;171179;173952;176429;178683;180728;182568;184299;186047;187915;189944;192127;194417;196756;199086;201415;203753;206056;208314;210496;
Bhutan;BTN;Population, female;SP.POP.TOTL.FE.IN;282923;288731;293644;297894;301621;305108;308582;312011;315351;318644;321991;325419;328979;332656;336413;340164;343867;347496;351064;354586;358062;361525;
Botswana;BWA;Population, female;SP.POP.TOTL.FE.IN;831779;847900;863288;878119;892835;908062;924207;941550;959935;978824;997437;1015242;1031977;1047927;1063856;1080798;1099500;1120211;1142607;1166046;1189587;1212526;
Central African Republic;CAF;Population, female;SP.POP.TOTL.FE.IN;1804003;1845398;1886113;1925842;1964888;2003719;2042502;2081976;2121636;2159049;2190888;2215124;2230666;2239125;2244484;2252275;2266606;2288847;2318147;2353555;2393206;2435722;
Canada;CAN;Population, female;SP.POP.TOTL.FE.IN;15344448;15485188;15651822;15820650;15961652;16108836;16258927;16420787;16577534;16754826;16945066;17133868;17303497;17494958;17683847;17864828;17999309;18202997;18419735;18677663;18943318;19158588;
Central Europe and the Baltics;CEB;Population, female;SP.POP.TOTL.FE.IN;56239007;55949119;55570144;55236846;55088854;54959586;54826957;54700453;54506222;54315700;54209377;54004628;53861514;53718055;53581251;53447753;53307441;53158783;53019188;52910281;52834692;52714426;
Switzerland;CHE;Population, female;SP.POP.TOTL.FE.IN;3654041;3674151;3696880;3724183;3750766;3774846;3796494;3816924;3846987;3891454;3935497;3971919;4011709;4050081;4092758;4139234;4183323;4226492;4263869;4293531;4322594;4351871;
Channel Islands;CHI;Population, female;SP.POP.TOTL.FE.IN;75779;76142;76393;76555;76715;76956;77354;77938;78691;79518;80327;81036;81623;82104;82560;83062;83671;84408;85256;86150;87010;87789;
Chile;CHL;Population, female;SP.POP.TOTL.FE.IN;7703459;7794185;7882066;7967282;8051012;8134816;8219838;8306863;8395791;8485911;8576060;8665530;8752531;8837489;8924483;9019145;9124556;9243814;9373183;9500750;9610261;9690540;
China;CHN;Population, female;SP.POP.TOTL.FE.IN;610004104;614775825;619165993;623205125;626956157;630545489;634130240;637560457;640793072;644001246;647159372;650275748;653862696;658376480;662872951;667184667;671212022;675220615;679486853;682854786;685480283;687245874;
Cote d'Ivoire;CIV;Population, female;SP.POP.TOTL.FE.IN;7758050;7975896;8183406;8382363;8576950;8773074;8975373;9185251;9402489;9628035;9862515;10106430;10360527;10625267;10900328;11185031;11478829;11781686;12093608;12414060;12742348;13077895;
Cameroon;CMR;Population, female;SP.POP.TOTL.FE.IN;7590734;7791677;7998955;8212674;8433249;8661010;8896229;9139126;9389810;9648222;9914162;10187444;10468054;10755870;11050423;11351123;11657496;11969336;12286573;12609010;12936459;13268789;
Congo, Dem. Rep.;COD;Population, female;SP.POP.TOTL.FE.IN;23157971;23746689;24403745;25121036;25893609;26710607;27564081;28454736;29386784;30359388;31371535;32422236;33510549;34635680;35796890;36993480;38224572;39489787;40787891;42116217;43471465;44851232;
Congo, Rep.;COG;Population, female;SP.POP.TOTL.FE.IN;1540143;1584091;1628635;1674007;1721311;1772069;1827170;1887302;1951730;2018345;2084233;2147328;2206804;2263417;2318674;2374824;2433522;2495201;2559385;2625622;2693146;2761414;
Colombia;COL;Population, female;SP.POP.TOTL.FE.IN;19875544;20202658;20525349;20842746;21153274;21455009;21746639;22029131;22303332;22567928;22821214;23063041;23288625;23500706;23715462;23954672;24231886;24556894;24919763;25290276;25626250;25898320;
Comoros;COM;Population, female;SP.POP.TOTL.FE.IN;262867;269505;276169;282854;289619;296524;303613;310902;318386;326070;333967;342069;350390;358914;367616;376437;385346;394323;403368;412488;421681;430942;
Cabo Verde;CPV;Population, female;SP.POP.TOTL.FE.IN;218290;222169;225856;229315;232491;235318;237746;239751;241392;242887;244546;246578;249091;251994;255181;258457;261670;264791;267873;270898;273900;276871;
Costa Rica;CRI;Population, female;SP.POP.TOTL.FE.IN;1934770;1973722;2009976;2043743;2075608;2106442;2136918;2167187;2197124;2226713;2255890;2284596;2312869;2340768;2368302;2395474;2422275;2448697;2474720;2500214;2525022;2549038;
Caribbean small states;CSS;Population, female;SP.POP.TOTL.FE.IN;3198540;3220485;3243493;3267294;3291553;3315744;3339433;3362569;3385282;3407879;3430757;3454274;3478492;3503211;3528134;3552848;3576969;3600422;3623204;3645305;3666800;3687636;
Cuba;CUB;Population, female;SP.POP.TOTL.FE.IN;5555567;5579325;5599861;5617539;5631843;5642192;5648371;5649794;5647112;5642859;5640438;5642215;5649261;5660661;5674335;5687218;5697027;5703178;5706299;5706812;5705556;5703148;
Curacao;CUW;Population, female;SP.POP.TOTL.FE.IN;73898;71010;68467;68530;69932;71178;73133;75259;77056;78357;79155;80376;81662;82412;83375;84504;85606;86480;86707;86194;85105;83687;
Cayman Islands;CYM;Population, female;SP.POP.TOTL.FE.IN;;;;;;;;;;;;;;;;;;;;;;;
Cyprus;CYP;Population, female;SP.POP.TOTL.FE.IN;459549;467861;475702;483117;490494;498402;507183;517084;527828;538701;548672;557035;563479;568305;572061;575624;579592;584159;589134;594287;599277;603847;
Czech Republic;CZE;Population, female;SP.POP.TOTL.FE.IN;5281796;5266235;5246228;5236213;5234396;5234198;5237526;5245284;5267484;5302056;5324016;5333376;5340831;5346869;5348559;5354302;5364266;5373114;5385332;5400916;5419777;5430813;
Germany;DEU;Population, female;SP.POP.TOTL.FE.IN;42151293;42176244;42217345;42260203;42256846;42221838;42172464;42099593;42017960;41912739;41781451;41692491;40903005;40956600;41043963;41187119;41511610;41808130;41919970;42000374;42053302;42052957;
Djibouti;DJI;Population, female;SP.POP.TOTL.FE.IN;347724;356818;365248;373214;380252;385823;389622;391324;391252;390538;390778;393102;397940;404927;413398;422312;430881;438940;446703;454211;461610;469009;
Dominica;DMA;Population, female;SP.POP.TOTL.FE.IN;;;;;;;;;;;;;;;;;;;;;;;
Denmark;DNK;Population, female;SP.POP.TOTL.FE.IN;2689192;2697501;2706617;2714812;2721780;2728329;2735229;2743473;2754784;2770023;2783770;2794956;2805142;2814288;2824671;2837901;2857267;2879322;2897965;2912704;2923597;2932556;
Dominican Republic;DOM;Population, female;SP.POP.TOTL.FE.IN;4163185;4226670;4287804;4346856;4404718;4462660;4521595;4581822;4643110;4705133;4767298;4829193;4890693;4951906;5012859;5073656;5134308;5194798;5254937;5314402;5372759;5429698;
Algeria;DZA;Population, female;SP.POP.TOTL.FE.IN;15103751;15311139;15516424;15721105;15930173;16149500;16383693;16634748;16903082;17189426;17493858;17816091;18155827;18512336;18884019;19268759;19664129;20069497;20482418;20896422;21303388;21697235;
East Asia & Pacific (excluding high income);EAP;Population, female;SP.POP.TOTL.FE.IN;884157429;892916011;901206143;909065440;916559141;923817715;931006562;937967542;944670533;951343241;958031533;964791930;972160076;980570336;989024716;997277264;1005169744;1012949459;1020904525;1027886472;1034068577;1039345328;
Early-demographic dividend;EAR;Population, female;SP.POP.TOTL.FE.IN;1190584075;1212308413;1233744966;1254938500;1275981552;1297025477;1318171360;1339450802;1360848268;1382327531;1403833510;1425370720;1446916732;1468227133;1489472543;1510638086;1531698598;1552614909;1573372957;1594049611;1614705840;1635355364;
East Asia & Pacific;EAS;Population, female;SP.POP.TOTL.FE.IN;999999762;1009397969;1018397650;1026863908;1034866385;1042552998;1050124224;1057621022;1064821279;1072175432;1079387947;1086631480;1094391249;1103237031;1112080820;1120757122;1129081837;1137258909;1145535218;1152831495;1159312971;1164640503;
Europe & Central Asia (excluding high income);ECA;Population, female;SP.POP.TOTL.FE.IN;203181673;203309734;203231241;203130856;203287629;203547659;203829953;204174397;204590210;205239699;206114547;207163804;208285539;209403167;210636329;211863236;213121263;214327404;215435099;216402980;217303048;217972716;
Europe & Central Asia;ECS;Population, female;SP.POP.TOTL.FE.IN;443612288;444130406;444664251;445444693;446587801;447897390;449242978;450619388;452232578;454096042;455897349;457626052;458703977;460471215;462552549;464655237;466723082;468708054;470424222;471973283;473206187;474225863;
Ecuador;ECU;Population, female;SP.POP.TOTL.FE.IN;6195757;6315964;6433427;6548517;6662346;6776510;6892161;7009987;7129752;7250590;7371185;7490761;7608327;7724581;7842413;7965751;8097063;8237882;8386318;8537161;8683170;8819233;
Egypt, Arab Rep.;EGY;Population, female;SP.POP.TOTL.FE.IN;33529872;34181137;34828098;35475154;36122892;36772336;37425951;38080826;38741311;39425763;40158284;40955024;41822894;42753933;43730649;44727504;45724871;46717301;47706815;48690128;49665477;50631541;
Euro area;EMU;Population, female;SP.POP.TOTL.FE.IN;164362827;164860643;165438288;166178393;167009401;167867357;168690331;169451541;170319922;171152443;171711722;172117073;171743939;172120855;172699612;173270760;173749423;174187217;174474165;174763955;174820234;174951542;
Eritrea;ERI;Population, female;SP.POP.TOTL.FE.IN;1124147;1151345;1192142;1244879;1304366;1363325;1416324;1461749;1500626;1533460;1561642;1586365;1607405;;;;;;;;;;
Spain;ESP;Population, female;SP.POP.TOTL.FE.IN;20576752;20652809;20777799;21052590;21415094;21766582;22117853;22476408;22879380;23235239;23439021;23555788;23661705;23710580;23671467;23635055;23640092;23669889;23723820;23818485;23978634;24085958;
Estonia;EST;Population, female;SP.POP.TOTL.FE.IN;742625;745418;740578;736352;732515;728900;725196;721037;717571;715266;713447;711411;708917;706072;703157;700674;700146;698980;698154;698776;699659;699630;
Ethiopia;ETH;Population, female;SP.POP.TOTL.FE.IN;32263002;33205382;34174168;35166728;36182058;37217654;38272232;39345273;40439539;41560859;42716829;43912483;45150001;46426769;47737068;49072577;50426864;51797604;53185201;54589146;56009719;57446748;
European Union;EUU;Population, female;SP.POP.TOTL.FE.IN;220073662;220316701;220571383;221028269;221760299;222544119;223297589;224000989;224743272;225460995;225990908;226293768;225875226;226182177;226699908;227220503;227650560;228051160;228313071;228584066;228628529;228683985;
Fragile and conflict affected situations;FCS;Population, female;SP.POP.TOTL.FE.IN;279229344;286089586;293268922;300732727;308449230;316365183;324439465;332660096;341040366;349633805;358408768;367333837;376474425;385816796;395300093;404845280;414405979;423939238;433481218;443194766;453270846;463837998;
Finland;FIN;Population, female;SP.POP.TOTL.FE.IN;2645100;2649364;2654110;2659222;2664209;2670583;2678373;2687312;2697418;2708636;2720215;2731215;2742371;2753865;2764999;2774944;2782702;2789446;2794857;2797516;2799598;2802648;
Fiji;FJI;Population, female;SP.POP.TOTL.FE.IN;396804;399035;400248;400580;400598;401094;402598;405414;409282;413666;417719;420873;422919;424107;424843;425740;427260;429493;432310;435565;438996;442426;
France;FRA;Population, female;SP.POP.TOTL.FE.IN;31140700;31366712;31609073;31853822;32093648;32341282;32592276;32821949;33023327;33203347;33368664;33528500;33686256;33845372;34017119;34178119;34302345;34399175;34508584;34614021;34698686;34771320;
Faroe Islands;FRO;Population, female;SP.POP.TOTL.FE.IN;;;;;;;;;;;;;;;;;;;;;;;
Micronesia, Fed. Sts.;FSM;Population, female;SP.POP.TOTL.FE.IN;53146;53036;52924;52813;52685;52478;52196;51808;51367;50952;50694;50675;50937;51446;52122;52855;53543;54189;54793;55368;55944;56541;
Gabon;GAB;Population, female;SP.POP.TOTL.FE.IN;604207;618056;632195;646740;661899;677959;695156;713412;732793;753750;776855;802430;830699;861328;893274;925129;955859;985073;1012977;1039899;1066386;1092874;
United Kingdom;GBR;Population, female;SP.POP.TOTL.FE.IN;30107684;30195954;30288314;30388688;30500243;30644479;30828271;31031764;31253394;31481382;31701785;31931743;32161519;32364469;32560344;32780144;33021393;33254646;33464674;33652378;33827559;34004276;
Georgia;GEO;Population, female;SP.POP.TOTL.FE.IN;2184417;2140305;2105580;2085160;2069787;2056012;2042359;2030613;2020311;2014643;1997132;1982528;1966089;1950656;1943649;1943635;1946270;1947584;1948480;1948659;1946307;1948482;
Ghana;GHA;Population, female;SP.POP.TOTL.FE.IN;9318370;9548140;9783588;10024594;10272585;10529202;10795452;11072180;11358621;11652113;11948891;12246228;12543077;12840075;13138221;13439246;13744367;14053716;14366665;14682873;15001772;15322946;
Gibraltar;GIB;Population, female;SP.POP.TOTL.FE.IN;;;;;;;;;;;;;;;;;;;;;;;
Guinea;GIN;Population, female;SP.POP.TOTL.FE.IN;4207399;4306936;4400834;4490274;4578296;4669211;4766168;4870609;4981776;5097790;5215735;5333703;5450929;5568785;5690062;5818608;5957128;6106627;6266010;6433224;6605171;6779558;
Gambia, The;GMB;Population, female;SP.POP.TOTL.FE.IN;640507;661441;683177;705781;729073;752805;776828;801066;825627;850683;876500;903279;931060;959817;989462;1019942;1051160;1083106;1115804;1149215;1183332;1218124;
Guinea-Bissau;GNB;Population, female;SP.POP.TOTL.FE.IN;607784;620459;634097;648621;663905;679741;695971;712541;729537;747084;765378;784555;804636;825548;847112;869094;891313;913702;936281;959059;982054;1005303;
Equatorial Guinea;GNQ;Population, female;SP.POP.TOTL.FE.IN;281427;291757;302531;313818;325703;338312;351730;365982;381027;396805;413231;430239;447795;465874;484414;503346;522589;542111;561894;581912;602159;622605;
Greece;GRC;Population, female;SP.POP.TOTL.FE.IN;5411214;5434805;5465525;5488927;5506400;5525544;5548456;5573215;5596681;5621068;5644328;5657982;5653410;5624374;5583564;5545785;5508921;5486068;5475485;5464776;5459276;5448528;
Grenada;GRD;Population, female;SP.POP.TOTL.FE.IN;51533;51694;51830;51948;52037;52107;52165;52206;52236;52288;52382;52560;52821;53164;53548;53939;54314;54665;54983;55287;55576;55853;
Greenland;GRL;Population, female;SP.POP.TOTL.FE.IN;;;;;;;;;;;;;;;;;;;;;;;
Guatemala;GTM;Population, female;SP.POP.TOTL.FE.IN;5756928;5902947;6049228;6191267;6328081;6463571;6598227;6731790;6864151;6995448;7125868;7255549;7386480;7516771;7647888;7779044;7909392;8039125;8168449;8297605;8425530;8552130;
Guam;GUM;Population, female;SP.POP.TOTL.FE.IN;75034;75896;76550;77000;77292;77485;77658;77810;77952;78095;78254;78416;78597;78815;79087;79451;79934;80538;81252;82047;82858;83643;
Guyana;GUY;Population, female;SP.POP.TOTL.FE.IN;377050;374624;373068;372163;371852;371948;372284;372888;373823;374966;376211;377477;378715;379930;381144;382395;383716;385101;386540;388008;389504;391010;
High income;HIC;Population, female;SP.POP.TOTL.FE.IN;541565067;544791109;548148976;551583505;554917964;558397474;561924123;565734820;569724745;573992624;577781900;581203774;583625458;586824901;590104786;593472488;596705596;599874103;602606936;605112193;607295985;610072709;
Hong Kong SAR, China;HKG;Population, female;SP.POP.TOTL.FE.IN;3342651;3386423;3426269;3456918;3465906;3509015;3540102;3578263;3624088;3660041;3681158;3720452;3756506;3808024;3832276;3867733;3909083;3941508;3978989;4018506;4056162;4049102;
Honduras;HND;Population, female;SP.POP.TOTL.FE.IN;3216618;3305010;3393288;3481411;3569279;3656850;3744050;3830839;3917032;4002312;4086319;4168823;4249670;4329000;4407287;4485195;4563218;4641497;4719923;4798492;4877121;4955728;
Heavily indebted poor countries (HIPC);HPC;Population, female;SP.POP.TOTL.FE.IN;230746260;237184858;243907827;250894991;258117296;265526841;273091016;280803366;288684314;296759745;305066477;313631232;322458787;331541196;340876212;350457783;360278753;370341386;380639799;391147790;401831117;412664816;
Croatia;HRV;Population, female;SP.POP.TOTL.FE.IN;2338795;2317290;2230499;2231847;2232061;2232132;2234538;2234730;2233971;2233583;2231322;2226588;2219546;2213678;2208465;2200161;2182274;2166691;2139934;2119654;2106578;2096153;
Haiti;HTI;Population, female;SP.POP.TOTL.FE.IN;4223357;4296267;4369302;4442475;4515915;4589794;4664202;4739173;4814610;4890335;4966143;5041823;5117317;5192578;5267506;5342001;5415970;5489355;5562083;5634138;5705483;5776088;
Hungary;HUN;Population, female;SP.POP.TOTL.FE.IN;5363497;5353038;5343996;5331733;5319049;5309383;5300395;5293164;5285470;5276249;5267700;5255083;5239155;5210802;5194900;5179290;5165373;5148625;5133501;5125566;5121750;5109117;
IBRD only;IBD;Population, female;SP.POP.TOTL.FE.IN;1944199417;1967142172;1989494995;2011414667;2033161078;2054730012;2076224448;2097501521;2118524056;2139707545;2161105345;2182451738;2204627859;2227908943;2251305841;2274341662;2296834774;2318977960;2341000685;2361678188;2381198297;2399328719;
IDA & IBRD total;IBT;Population, female;SP.POP.TOTL.FE.IN;2467239288;2503205398;2538743529;2574033010;2609372004;2644812304;2680486688;2716284600;2752175674;2788529147;2825323874;2862393072;2900426609;2939579489;2979108517;3018619612;3057985044;3097396105;3137055143;3175761712;3213714924;3250647392;
IDA total;IDA;Population, female;SP.POP.TOTL.FE.IN;523039871;536063226;549248534;562618343;576210926;590082292;604262240;618783079;633651618;648821602;664218529;679941334;695798750;711670546;727802676;744277950;761150270;778418145;796054458;814083524;832516627;851318673;
IDA blend;IDB;Population, female;SP.POP.TOTL.FE.IN;173280033;177557924;181834253;186133286;190483561;194934802;199521097;204259272;209161387;214216416;219394927;224835098;230359556;235807878;241364771;247032207;252796507;258645274;264567010;270574126;276675894;282852973;
Indonesia;IDN;Population, female;SP.POP.TOTL.FE.IN;104252992;105659995;107066152;108470613;109875997;111283965;112697081;114113394;115537042;116983222;118471487;120013721;121616719;123270656;124949892;126618711;128250415;129835522;131378183;132882052;134355806;135805760;
IDA only;IDX;Population, female;SP.POP.TOTL.FE.IN;349759838;358505302;367414281;376485057;385727365;395147490;404741143;414523807;424490231;434605186;444823602;455106236;465439194;475862668;486437905;497245743;508353763;519772871;531487448;543509398;555840733;568465700;
Isle of Man;IMN;Population, female;SP.POP.TOTL.FE.IN;;;;;;;;;;;;;;;;;;;;;;;
India;IND;Population, female;SP.POP.TOTL.FE.IN;498372774;507187684;515957249;524676537;533346647;541973982;550557711;559099816;567579951;575948779;584142641;592116982;599851346;607359892;614676458;621852998;628929060;635912563;642796257;649586703;656288184;662903415;
Not classified;INX;Population, female;SP.POP.TOTL.FE.IN;;;;;;;;;;;;;;;;;;;;;;;
Ireland;IRL;Population, female;SP.POP.TOTL.FE.IN;1889591;1913728;1942601;1973324;2003466;2038846;2083266;2140952;2205554;2253499;2279251;2294319;2306846;2319082;2333444;2352024;2374896;2401335;2426140;2454369;2486201;2510556;
Iran, Islamic Rep.;IRN;Population, female;SP.POP.TOTL.FE.IN;31829262;32235845;32635113;33032452;33433618;33845529;34272736;34720281;35186535;35661229;36129675;36582329;37012837;37427003;37841907;38281566;38762065;39289457;39854902;40441309;41024003;41584547;
Iraq;IRQ;Population, female;SP.POP.TOTL.FE.IN;11302612;11645105;11993807;12348005;12696366;13023971;13322742;13582225;13811949;14047922;14339392;14719558;15204594;15778329;16401828;17018736;17588528;18097667;18558853;18989537;19417975;19864725;
Iceland;ISL;Population, female;SP.POP.TOTL.FE.IN;138548;140483;142368;143616;144563;145744;147947;151293;154970;157686;158089;157818;158355;159343;161042;163018;164840;167175;171121;175696;179525;182394;
Israel;ISR;Population, female;SP.POP.TOTL.FE.IN;3106819;3190138;3266030;3331871;3391731;3451315;3511856;3573824;3637320;3701864;3790320;3858472;3927993;3998134;4069967;4145229;4224621;4304840;4385803;4467882;4550763;4628474;
Italy;ITA;Population, female;SP.POP.TOTL.FE.IN;29369602;29386547;29391908;29412462;29515905;29686364;29825093;29924053;30098000;30326738;30489592;30596015;30647051;30716752;31053693;31315785;31262660;31188515;31121471;31042688;30667514;30504672;
Jamaica;JAM;Population, female;SP.POP.TOTL.FE.IN;1323675;1334328;1344878;1355253;1365193;1374337;1382458;1389410;1395341;1400790;1406493;1412952;1420363;1428546;1437226;1445931;1454324;1462325;1470007;1477400;1484557;1491520;
Jordan;JOR;Population, female;SP.POP.TOTL.FE.IN;2419664;2467365;2515778;2565875;2623759;2697018;2791043;2906651;3042189;3197087;3369863;3558032;3762256;3978958;4196092;4397998;4573163;4717553;4833068;4921841;4988482;5037161;
Japan;JPN;Population, female;SP.POP.TOTL.FE.IN;64416945;64552936;64736064;64913526;65078804;65126621;65158465;65225372;65325526;65381234;65395181;65426533;65322325;65232461;65150796;65075452;65016722;64951468;64853783;64731350;64605360;64395674;
Kazakhstan;KAZ;Population, female;SP.POP.TOTL.FE.IN;7740985;7725228;7715305;7715011;7737515;7786595;7850972;7929187;8014813;8160735;8318892;8432713;8550670;8669275;8792736;8920772;9049058;9174836;9296108;9414472;9532235;9652308;
Kenya;KEN;Population, female;SP.POP.TOTL.FE.IN;15657195;16097751;16546531;17004033;17472554;17954877;18452871;18967160;19496920;20040720;20596355;21161842;21737158;22321708;22912189;23504483;24095730;24684280;25271004;25858696;26451585;27052773;
Kyrgyz Republic;KGZ;Population, female;SP.POP.TOTL.FE.IN;2448184;2476445;2498586;2519872;2544732;2574598;2603615;2632676;2659720;2687302;2721824;2755569;2789416;2835593;2891331;2948851;3009509;3071223;3131308;3194586;3262337;3325073;
Cambodia;KHM;Population, female;SP.POP.TOTL.FE.IN;6108956;6247771;6378244;6500497;6615661;6725421;6831350;6933488;7032430;7131010;7232757;7340155;7454416;7574842;7699564;7825697;7950994;8074999;8198027;8319567;8439178;8556547;
Kiribati;KIR;Population, female;SP.POP.TOTL.FE.IN;42048;42813;43558;44308;45078;45913;46836;47868;48986;50127;51246;52280;53218;54067;54867;55647;56436;57251;58066;58904;59786;60702;
St. Kitts and Nevis;KNA;Population, female;SP.POP.TOTL.FE.IN;;;;;;;;;;;;;;;;;;;;;;;
Korea, Rep.;KOR;Population, female;SP.POP.TOTL.FE.IN;23225978;23422408;23603284;23739930;23863229;23959045;24012730;24144194;24273241;24465620;24598200;24725241;24917629;25048343;25160944;25318368;25452787;25556626;25632820;25749652;25845227;25886511;
Kuwait;KWT;Population, female;SP.POP.TOTL.FE.IN;812615;849821;870671;880148;885993;899809;929721;977434;1039224;1111105;1186992;1262012;1335807;1408485;1476160;1534201;1579599;1610201;1627387;1636232;1644022;1656117;
Latin America & Caribbean (excluding high income);LAC;Population, female;SP.POP.TOTL.FE.IN;235218555;238770852;242256074;245672374;249023281;252320402;255571097;258777473;261941845;265072109;268177722;271211845;274306424;277375325;280442613;283537109;286674034;289868532;293101426;296313124;299420872;302366378;
Lao PDR;LAO;Population, female;SP.POP.TOTL.FE.IN;2627506;2673778;2719911;2765743;2811705;2858273;2905736;2954578;3004654;3054823;3103528;3149737;3192854;3233528;3273473;3315124;3360147;3409178;3461499;3515875;3570428;3623762;
Lebanon;LBN;Population, female;SP.POP.TOTL.FE.IN;1884655;1928063;1994505;2079580;2170966;2251005;2308205;2334707;2337468;2337491;2364264;2437390;2565380;2737182;2928916;3106446;3244861;3337135;3390062;3409524;3406463;3389696;
Liberia;LBR;Population, female;SP.POP.TOTL.FE.IN;1354517;1428378;1480428;1514992;1540238;1568658;1609120;1664043;1729872;1802372;1874988;1942962;2005232;2063459;2118813;2173342;2228589;2284705;2341202;2398322;2456258;2515138;
Libya;LBY;Population, female;SP.POP.TOTL.FE.IN;2532949;2576914;2621982;2667872;2714484;2761608;2808935;2857017;2905616;2952780;2995928;3033419;3064110;3089182;3112114;3137853;3169825;3209343;3255123;3304807;3354834;3402550;
St. Lucia;LCA;Population, female;SP.POP.TOTL.FE.IN;78958;79857;80606;81235;81830;82481;83271;84229;85322;86462;87514;88414;89119;89669;90095;90501;90920;91373;91838;92310;92774;93207;
Latin America & Caribbean;LCN;Population, female;SP.POP.TOTL.FE.IN;259563812;263454770;267273968;271021164;274699554;278320450;281890057;285404461;288866623;292291995;295697100;299038346;302444148;305833180;309199855;312518518;315783568;318990471;322134722;325196640;328271450;331335264;
Least developed countries: UN classification;LDC;Population, female;SP.POP.TOTL.FE.IN;321136634;329316472;337709179;346303075;355069736;363967305;372969123;382064303;391273466;400639185;410220928;420061623;430173966;440546201;451166388;462013004;473068120;484330080;495798367;507456368;519283638;531264330;
Low income;LIC;Population, female;SP.POP.TOTL.FE.IN;189620796;194940693;200470636;206196445;212119943;218238872;224546386;231058597;237765488;244602349;251482479;258348736;265176164;271997025;278882362;285934197;293229904;300783327;308581240;316639810;324971017;333577700;
Liechtenstein;LIE;Population, female;SP.POP.TOTL.FE.IN;;;;;;;;;;;;;;;;;;;;;;;
Sri Lanka;LKA;Population, female;SP.POP.TOTL.FE.IN;9338128;9411667;9497429;9593655;9697099;9802666;9906511;10007678;10106989;10204466;10300547;10395425;10488913;10524777;10628054;10746588;10862466;10997188;11133868;11261209;11339582;11409149;
Lower middle income;LMC;Population, female;SP.POP.TOTL.FE.IN;1178097250;1199157586;1220111692;1241035323;1261981226;1282994225;1304110194;1325352316;1346739535;1368286701;1390009923;1412048573;1434229983;1456355917;1478688265;1501071187;1523561385;1546086747;1568607139;1591113902;1613539076;1635876047;
Low & middle income;LMY;Population, female;SP.POP.TOTL.FE.IN;2441679763;2477694733;2513148636;2548269872;2583445956;2618714742;2654202556;2689811444;2725509254;2761656277;2798235463;2835162899;2872987685;2911939121;2951304850;2990723654;3030092014;3069604657;3109447290;3148374683;3186494678;3223512443;
Lesotho;LSO;Population, female;SP.POP.TOTL.FE.IN;1046577;1056121;1058415;1054653;1046986;1038607;1031911;1027539;1024996;1024133;1024479;1025674;1027842;1031206;1035656;1041000;1047082;1053896;1061370;1069278;1077323;1085302;
Late-demographic dividend;LTE;Population, female;SP.POP.TOTL.FE.IN;1006205543;1013912518;1021205715;1028021886;1034639728;1041135209;1047615452;1053953217;1060083831;1066346176;1072697706;1078901452;1085686046;1093456116;1101336379;1109043440;1116400021;1123696094;1131149513;1137484813;1142929214;1147177364;
Lithuania;LTU;Population, female;SP.POP.TOTL.FE.IN;1872416;1861630;1848655;1836116;1823529;1805582;1779050;1753785;1736179;1721452;1705049;1671546;1635290;1613861;1597355;1582988;1567189;1546111;1523077;1507005;1501699;1501299;
Luxembourg;LUX;Population, female;SP.POP.TOTL.FE.IN;218564;221417;223993;226302;229009;232195;235616;239195;242653;246711;250941;255121;260360;266145;271788;277680;283726;289340;295911;301174;306733;311585;
Latvia;LVA;Population, female;SP.POP.TOTL.FE.IN;1291778;1279608;1263600;1249488;1238005;1225082;1212351;1201645;1192192;1179981;1160844;1137044;1116580;1102797;1090922;1080377;1071036;1060500;1050132;1040870;1032613;1024547;
Macao SAR, China;MAC;Population, female;SP.POP.TOTL.FE.IN;217534;222872;228669;234883;241281;247552;253461;258906;263974;268923;274146;279892;286278;293154;300214;307020;313252;318789;323748;328312;332740;337242;
St. Martin (French part);MAF;Population, female;SP.POP.TOTL.FE.IN;;;;;;;;;;;;;;;;;;;;;;;
Morocco;MAR;Population, female;SP.POP.TOTL.FE.IN;14344077;14524941;14702639;14877638;15052206;15229100;15410459;15597111;15789074;15986463;16189074;16396565;16609017;16826156;17046813;17269399;17492569;17715791;17938664;18160047;18378703;18593671;
Monaco;MCO;Population, female;SP.POP.TOTL.FE.IN;;;;;;;;;;;;;;;;;;;;;;;
Moldova;MDA;Population, female;SP.POP.TOTL.FE.IN;1527898;1524389;1520794;1517256;1512991;1509076;1504922;1499884;1495247;1491117;1488079;1485760;1484449;1484136;1483913;1483413;1472334;1456244;1432683;1409234;1387708;1365483;
Madagascar;MDG;Population, female;SP.POP.TOTL.FE.IN;7672441;7916321;8164825;8418066;8675989;8938678;9206229;9478638;9755836;10037735;10324223;10615345;10911027;11211590;11517928;11831212;12152289;12481481;12818661;13163713;13516377;13876400;
Maldives;MDV;Population, female;SP.POP.TOTL.FE.IN;135507;138056;140796;143696;146701;149712;152656;155510;158300;161102;163989;167029;170246;173599;177005;180346;183547;186567;189425;192177;194887;197614;
Middle East & North Africa;MEA;Population, female;SP.POP.TOTL.FE.IN;151489824;154373386;157226332;160064074;162938504;165918029;169047531;172343801;175792412;179367997;183043355;186737681;190470235;194243295;198030509;201801704;205536024;209205773;212814637;216428633;220102343;223868601;
Mexico;MEX;Population, female;SP.POP.TOTL.FE.IN;49601521;50341811;51089400;51842881;52605394;53379978;54168352;54971858;55789026;56615017;57442951;58267177;59086044;59898832;60701892;61491303;62264080;63018020;63752823;64469963;65172136;65861267;
Marshall Islands;MHL;Population, female;SP.POP.TOTL.FE.IN;;;;;;;;;;;;;;;;;;;;;;;
Middle income;MIC;Population, female;SP.POP.TOTL.FE.IN;2252058967;2282754040;2312678000;2342073427;2371326013;2400475870;2429656170;2458752847;2487743766;2517053928;2546752984;2576814163;2607811521;2639942096;2672422488;2704789457;2736862110;2768821330;2800866050;2831734873;2861523661;2889934743;
North Macedonia;MKD;Population, female;SP.POP.TOTL.FE.IN;1006249;1011253;1015982;1009145;1012972;1016305;1018796;1020690;1022455;1024121;1025922;1027942;1029501;1030484;1031694;1033175;1034384;1035443;1036467;1037412;1037773;1035827;
Mali;MLI;Population, female;SP.POP.TOTL.FE.IN;5368284;5518018;5678221;5848244;6028197;6218014;6417394;6626930;6846126;7072303;7301855;7532329;7762521;7993442;8227526;8468385;8718647;8979115;9249030;9527621;9813486;10105660;
Malta;MLT;Population, female;SP.POP.TOTL.FE.IN;195439;196590;198014;199487;200830;202225;203553;204331;205083;206427;207914;208775;209383;210896;213461;217382;222330;227271;233468;241701;251351;256907;
Myanmar;MMR;Population, female;SP.POP.TOTL.FE.IN;23796858;24089960;24361274;24614137;24849529;25069955;25277966;25472149;25653374;25829264;26009931;26202319;26410740;26632792;26860456;27081937;27289147;27478828;27654918;27825150;28000756;28189604;
Middle East & North Africa (excluding high income);MNA;Population, female;SP.POP.TOTL.FE.IN;135762722;138220312;140668670;143117432;145594409;148134267;150761740;153489722;156312622;159216465;162168982;165149673;168155595;171192451;174257251;177348465;180465698;183598106;186740403;189932241;193192029;196537067;
Montenegro;MNE;Population, female;SP.POP.TOTL.FE.IN;306000;305790;307372;308975;310540;311330;311898;312227;312480;312769;313181;313545;313736;313920;314182;314468;314622;314666;314683;314592;314469;314084;
Mongolia;MNG;Population, female;SP.POP.TOTL.FE.IN;1192089;1201814;1212723;1224994;1238626;1253482;1269509;1286645;1305021;1324955;1346849;1370942;1397297;1425659;1455446;1485885;1516358;1546658;1576728;1606333;1635234;1663253;
Northern Mariana Islands;MNP;Population, female;SP.POP.TOTL.FE.IN;;;;;;;;;;;;;;;;;;;;;;;
Mozambique;MOZ;Population, female;SP.POP.TOTL.FE.IN;9005611;9242786;9500555;9774105;10059816;10351803;10645921;10941733;11241381;11546279;11858644;12180274;12511359;12852030;13204033;13569528;13949963;14346169;14757711;15183127;15620192;16067200;
Mauritania;MRT;Population, female;SP.POP.TOTL.FE.IN;1288820;1322342;1357736;1394948;1433873;1474310;1516122;1559259;1603818;1649899;1697684;1747258;1798640;1851740;1906310;1962065;2018756;2076282;2134662;2193847;2253855;2314679;
Mauritius;MUS;Population, female;SP.POP.TOTL.FE.IN;591986;598324;603367;607704;612121;615928;619540;622406;625219;627461;629116;630609;631620;633399;634864;636163;637251;638052;639078;639954;640695;641234;
Malawi;MWI;Population, female;SP.POP.TOTL.FE.IN;5490940;5645174;5793193;5939948;6088662;6244565;6411359;6589614;6777615;6974134;7177240;7385419;7598612;7817021;8039829;8266066;8495171;8726571;8960635;9198885;9443471;9695918;
Malaysia;MYS;Population, female;SP.POP.TOTL.FE.IN;11121621;11376247;11618585;11850200;12074668;12297492;12522563;12751205;12981865;13212119;13438288;13657901;13870044;14076071;14278481;14480879;14685798;14893934;15104343;15315852;15526625;15735185;
North America;NAC;Population, female;SP.POP.TOTL.FE.IN;157001293;158663618;160192946;161650783;162997017;164464473;165949320;167532001;169111332;170719760;172243085;173694200;174963503;176264967;177503656;178811262;180095091;181448935;182682431;183796369;184810643;186627018;
Namibia;NAM;Population, female;SP.POP.TOTL.FE.IN;913295;929285;944378;958790;973006;987688;1003312;1020109;1037962;1056630;1075691;1094862;1114054;1133400;1153085;1173378;1194451;1216363;1238996;1262189;1285662;1309233;
New Caledonia;NCL;Population, female;SP.POP.TOTL.FE.IN;103207;105438;107616;109755;111673;113395;115145;116905;118671;120440;122036;123920;126179;128449;130720;132886;133218;133590;133988;134408;134837;135263;
Niger;NER;Population, female;SP.POP.TOTL.FE.IN;5521898;5718338;5923618;6138148;6362294;6596448;6841020;7096222;7362489;7640715;7931954;8237013;8556418;8890161;9237798;9598588;9972036;10358188;10757444;11170022;11596258;12036471;
Nigeria;NGA;Population, female;SP.POP.TOTL.FE.IN;59154807;60635479;62157695;63724089;65339999;67011754;68744169;70539247;72396969;74317325;76299389;78342012;80445630;82609445;84829345;87099897;89416890;91778862;94185842;96636957;99131729;101669950;
Nicaragua;NIC;Population, female;SP.POP.TOTL.FE.IN;2521582;2561997;2601423;2639908;2677899;2715975;2754553;2793837;2833769;2874141;2914633;2954978;2995158;3035243;3075329;3115567;3156054;3196840;3237844;3278831;3319519;3359705;
Netherlands;NLD;Population, female;SP.POP.TOTL.FE.IN;7980350;8037107;8096932;8147243;8183862;8210231;8227240;8238158;8253655;8283398;8323801;8364526;8401899;8431597;8455043;8483667;8518825;8560955;8607750;8653884;8706652;8751584;
Norway;NOR;Population, female;SP.POP.TOTL.FE.IN;2252100;2266121;2277264;2289408;2302579;2315385;2329544;2345801;2366849;2392635;2418878;2445123;2473069;2501872;2528608;2553889;2576388;2596542;2615346;2630707;2646723;2660602;
Nepal;NPL;Population, female;SP.POP.TOTL.FE.IN;11773455;12021350;12243832;12443825;12625173;12794317;12956564;13112894;13263376;13411546;13561500;13716597;13877399;14044548;14221340;14411527;14617070;14839974;15077724;15322093;15561762;15788373;
Nauru;NRU;Population, female;SP.POP.TOTL.FE.IN;;;;;;;;;;;;;;;;;;;;;;;
New Zealand;NZL;Population, female;SP.POP.TOTL.FE.IN;1951226;1964351;1977307;2013084;2054023;2085205;2108864;2134243;2153318;2170490;2191061;2214443;2230453;2241928;2258608;2295996;2342960;2396121;2446845;2491356;2531675;2585329;
OECD members;OED;Population, female;SP.POP.TOTL.FE.IN;607470770;611760216;616243667;620785521;625293668;629815600;634307597;638987803;643761095;648749539;653328884;657573426;660859050;664888214;669078094;673446552;677759304;682126445;686184842;690037396;693376995;697188809;
Oman;OMN;Population, female;SP.POP.TOTL.FE.IN;975357;994726;1014040;1033599;1053129;1072245;1090903;1108494;1125769;1145584;1171774;1206887;1252026;1305847;1365279;1425908;1484395;1539787;1592566;1642702;1690544;1736392;
Other small states;OSS;Population, female;SP.POP.TOTL.FE.IN;10296817;10480926;10653018;10823004;10992544;11168438;11355968;11555509;11766256;11987073;12211173;12438537;12666421;12901346;13141161;13385287;13634104;13883518;14137436;14395696;14654761;14907128;
Pakistan;PAK;Population, female;SP.POP.TOTL.FE.IN;67055726;68869890;70641890;72381875;74108539;75850289;77627779;79446945;81301352;83184598;85085873;86997654;88917077;90847991;92797250;94774652;96786262;98833941;100912342;103011525;105117736;107220324;
Panama;PAN;Population, female;SP.POP.TOTL.FE.IN;1473637;1503303;1533084;1563013;1593119;1623489;1654192;1685239;1716603;1748284;1780242;1812455;1844847;1877451;1910409;1943936;1978158;2013130;2048694;2084482;2120006;2154888;
Peru;PER;Population, female;SP.POP.TOTL.FE.IN;13079204;13269175;13438634;13589979;13726371;13852761;13973343;14089686;14202697;14315467;14431447;14553781;14681706;14816488;14965316;15137234;15337374;15570375;15831044;16102678;16362221;16593240;
Philippines;PHL;Population, female;SP.POP.TOTL.FE.IN;37867397;38710923;39568586;40436783;41300381;42139061;42939599;43693432;44408074;45105958;45818894;46569078;47365188;48198297;49051547;49899689;50724446;51520471;52293623;53050171;53800550;54552260;
Palau;PLW;Population, female;SP.POP.TOTL.FE.IN;;;;;;;;;;;;;;;;;;;;;;;
Papua New Guinea;PNG;Population, female;SP.POP.TOTL.FE.IN;2810786;2875183;2937346;2997942;3058879;3122848;3191689;3266209;3345527;3427754;3510130;3590688;3668765;3745032;3820350;3896120;3973383;4052305;4132522;4213891;4296108;4378955;
Poland;POL;Population, female;SP.POP.TOTL.FE.IN;19883133;19685143;19689207;19690252;19687411;19686106;19686977;19683468;19681019;19690101;19706577;19649359;19654134;19644188;19620509;19595127;19574714;19563116;19565914;19568657;19567280;19535766;
Pre-demographic dividend;PRE;Population, female;SP.POP.TOTL.FE.IN;268588853;276039947;283872264;292059478;300559498;309303178;318243655;327365550;336697179;346286403;356200663;366485528;377158966;388197350;399553088;411157416;422959790;434944629;447123979;459507689;472115384;484961683;
Puerto Rico;PRI;Population, female;SP.POP.TOTL.FE.IN;1972553;1978965;1984298;1988079;1990485;1991720;1989165;1980474;1968156;1955704;1944356;1934347;1912488;1890356;1870160;1841666;1811763;1779794;1740556;1674917;1678215;1726686;
Korea, Dem. People's Rep.;PRK;Population, female;SP.POP.TOTL.FE.IN;11650473;11751350;11853810;11956240;12056080;12149457;12233823;12308370;12374676;12435394;12494308;12554222;12615979;12678990;12742849;12806616;12869582;12931820;12993548;13054278;13113396;13170436;
Portugal;PRT;Population, female;SP.POP.TOTL.FE.IN;5292683;5327655;5361701;5386616;5402824;5414012;5425860;5441374;5461138;5480493;5498231;5513209;5517359;5507126;5488215;5468262;5452971;5440467;5429333;5420804;5421171;5425560;
Paraguay;PRY;Population, female;SP.POP.TOTL.FE.IN;2569977;2622196;2673716;2724462;2773955;2821589;2866969;2909899;2950679;2990188;3029658;3069988;3111467;3153912;3197206;3241014;3285105;3329476;3374176;3419020;3463751;3508170;
West Bank and Gaza;PSE;Population, female;SP.POP.TOTL.FE.IN;1402482;1438612;1475654;1513633;1552632;1592742;1634050;1676614;1720422;1768891;1817125;1865191;1912960;1960670;2008167;2055699;2103363;2151335;2194861;2251538;2309133;2367491;
Pacific island small states;PSS;Population, female;SP.POP.TOTL.FE.IN;906578;917466;927942;938094;948300;959093;970854;983833;997862;1012540;1027266;1041602;1055413;1068882;1082358;1096342;1111230;1127103;1143811;1161232;1179109;1197245;
Post-demographic dividend;PST;Population, female;SP.POP.TOTL.FE.IN;518649913;521149394;523541460;526066158;528590071;531230779;533848355;536681847;539653296;542872805;545617238;548098673;549532222;551749265;554073630;556486254;558855385;561211140;563166944;564955596;566373424;568395529;
French Polynesia;PYF;Population, female;SP.POP.TOTL.FE.IN;114502;116864;119079;121178;123083;124753;126154;127261;128089;128747;129371;130049;130837;131705;132631;133562;134452;135302;136140;136961;137793;138643;
Qatar;QAT;Population, female;SP.POP.TOTL.FE.IN;197499;206134;216184;227883;241979;259402;280764;306132;335121;367134;401364;437040;474133;512271;549808;584693;615499;641459;662996;681381;698550;715925;
Romania;ROU;Population, female;SP.POP.TOTL.FE.IN;11469109;11463744;11313492;11115939;11043328;10988116;10928679;10873449;10723990;10556035;10475198;10416095;10363382;10311889;10266229;10221124;10169092;10110158;10053860;9998665;9949913;9893962;
Russian Federation;RUS;Population, female;SP.POP.TOTL.FE.IN;78275119;78003730;77741908;77462311;77192724;76961036;76738888;76548836;76469027;76477539;76535797;76600057;76684367;76832143;77008973;77184758;77337012;77468057;77546480;77529365;77482723;77312158;
Rwanda;RWA;Population, female;SP.POP.TOTL.FE.IN;3840424;4057739;4207424;4306107;4371762;4434020;4514517;4616849;4732973;4859345;4989389;5118459;5246075;5374743;5506169;5642837;5786418;5937449;6094897;6256912;6420852;6584778;
South Asia;SAS;Population, female;SP.POP.TOTL.FE.IN;657579225;670070691;682535320;694956802;707313317;719580592;731738304;743777659;755691434;767464143;779079795;790528602;801799450;812841807;823808646;834687441;845488839;856242004;866921159;877506768;887944625;898262751;
Saudi Arabia;SAU;Population, female;SP.POP.TOTL.FE.IN;9195460;9415348;9633879;9852692;10075877;10308767;10555254;10814704;11085954;11371436;11673941;11993977;12335152;12693016;13050172;13383388;13676743;13922113;14126063;14305421;14484997;14682559;
Sudan;SDN;Population, female;SP.POP.TOTL.FE.IN;13274739;13597786;13943262;14306620;14682016;15060068;15434309;15803459;16171077;16541366;16920405;17312732;17719718;18140461;18574540;19020771;19478321;19947203;20427932;20920586;21425281;21941974;
Senegal;SEN;Population, female;SP.POP.TOTL.FE.IN;4859290;4984265;5112947;5245441;5382445;5524666;5672670;5826759;5987040;6153634;6326583;6505829;6691454;6883286;7080691;7282813;7488962;7698901;7912575;8129674;8349929;8573145;
Singapore;SGP;Population, female;SP.POP.TOTL.FE.IN;1927542;1962216;2021689;2049959;2030062;2061744;2109667;2167069;2242873;2345804;2399863;2429972;2473739;2531841;2572741;2606984;2638421;2672718;2674905;2687287;2718092;2709673;
Solomon Islands;SLB;Population, female;SP.POP.TOTL.FE.IN;195091;200550;206207;212048;217999;223964;229855;235654;241414;247227;253279;259675;266474;273617;281064;288724;296556;304526;312654;320909;329239;337616;
Sierra Leone;SLE;Population, female;SP.POP.TOTL.FE.IN;2250084;2310786;2395283;2501018;2618613;2734985;2840596;2932053;3011782;3083195;3152169;3223031;3296278;3370393;3445504;3521439;3598060;3675669;3754502;3834352;3914857;3995746;
El Salvador;SLV;Population, female;SP.POP.TOTL.FE.IN;3024616;3051738;3077036;3100543;3122538;3143437;3163573;3183092;3202064;3220666;3239061;3257398;3275742;3294183;3312806;3331687;3350892;3370447;3390314;3410312;3430197;3449777;
San Marino;SMR;Population, female;SP.POP.TOTL.FE.IN;;;;;;;;;;;;;;;;;;;;;;;
Somalia;SOM;Population, female;SP.POP.TOTL.FE.IN;4269277;4429313;4587168;4745059;4902742;5060984;5220385;5380307;5540083;5700490;5862723;6027843;6196100;6367763;6543908;6725759;6914348;7110142;7313307;7524126;7742710;7969132;
Serbia;SRB;Population, female;SP.POP.TOTL.FE.IN;3836936;3827725;3823814;3822601;3816326;3808712;3797949;3783018;3767040;3749981;3733876;3718022;3688222;3670074;3652210;3635214;3617485;3598916;3580264;3561304;3542820;3519865;
Sub-Saharan Africa (excluding high income);SSA;Population, female;SP.POP.TOTL.FE.IN;325780159;334407133;343251188;352326968;361668179;371314107;381294900;391624651;402302610;413320620;424662884;436317045;448280601;460556035;473135295;486010139;499172436;512619152;526344678;540333098;554565527;569028203;
South Sudan;SSD;Population, female;SP.POP.TOTL.FE.IN;2979111;3111537;3235250;3354862;3477844;3615808;3776074;3960634;4163182;4372701;4574031;4755873;4915971;5056517;5176380;5275534;5355171;5412867;5451281;5483166;5525584;5590715;
Sub-Saharan Africa;SSF;Population, female;SP.POP.TOTL.FE.IN;325820462;334447840;343291969;352369049;361709785;371355500;381336354;391666740;402344611;413363223;424705346;436360498;448322832;460598685;473178804;486054416;499217782;512665156;526391281;540380177;554613045;569076163;
Small states;SST;Population, female;SP.POP.TOTL.FE.IN;14401935;14618877;14824453;15028392;15232397;15443275;15666255;15901911;16149400;16407492;16669196;16934413;17200326;17473439;17751653;18034477;18322303;18611043;18904451;19202233;19500670;19792009;
Sao Tome and Principe;STP;Population, female;SP.POP.TOTL.FE.IN;70797;71980;73254;74623;76102;77740;79534;81512;83654;85878;88090;90215;92212;94123;95965;97807;99667;101555;103476;105439;107437;109486;
Suriname;SUR;Population, female;SP.POP.TOTL.FE.IN;230089;233059;235987;238872;241751;244623;247540;250494;253479;256505;259553;262604;265677;268755;271823;274853;277821;280733;283583;286364;289108;291812;
Slovak Republic;SVK;Population, female;SP.POP.TOTL.FE.IN;2774868;2772140;2768093;2768076;2767147;2767291;2768010;2768320;2769052;2771131;2774359;2776335;2779191;2783095;2785158;2786818;2788327;2790667;2793675;2796281;2799029;2800745;
Slovenia;SVN;Population, female;SP.POP.TOTL.FE.IN;1014339;1016327;1017710;1019374;1020578;1021339;1022293;1023633;1026572;1024981;1031295;1033502;1034190;1035591;1036687;1037549;1038090;1038477;1038723;1042032;1048857;1055493;
Sweden;SWE;Population, female;SP.POP.TOTL.FE.IN;4478662;4484561;4494970;4507624;4522038;4537041;4551972;4573942;4603910;4635640;4671033;4706949;4738799;4770395;4807653;4852495;4901217;4960573;5025514;5082090;5131863;5167175;
Eswatini;SWZ;Population, female;SP.POP.TOTL.FE.IN;516060;521949;526809;530770;534202;537611;541344;545599;550271;554984;559229;562655;565141;566906;568304;569814;571808;574397;577530;581192;585343;589928;
Sint Maarten (Dutch part);SXM;Population, female;SP.POP.TOTL.FE.IN;;;;;;;;;;;;;;;;;;;;;;;
Seychelles;SYC;Population, female;SP.POP.TOTL.FE.IN;40303;40707;40781;42081;41606;41393;41454;42089;42001;42603;42462;43453;42231;42650;43509;44277;45346;46004;46603;47079;47518;47960;
Syrian Arab Republic;SYR;Population, female;SP.POP.TOTL.FE.IN;7920656;8109037;8269362;8404990;8545955;8733895;8992895;9347043;9772452;10187741;10481159;10577491;10449087;10134980;9709439;9280573;8931433;8675964;8503336;8441049;8515582;8740592;
Turks and Caicos Islands;TCA;Population, female;SP.POP.TOTL.FE.IN;;;;;;;;;;;;;;;;;;;;;;;
Chad;TCD;Population, female;SP.POP.TOTL.FE.IN;4046215;4196724;4357454;4527646;4704628;4884658;5065134;5244842;5424702;5606877;5794635;5990241;6194441;6406230;6624061;6845615;7069237;7294423;7521758;7752004;7986360;8225689;
East Asia & Pacific (IDA & IBRD countries);TEA;Population, female;SP.POP.TOTL.FE.IN;872506956;881164661;889352333;897109200;904503061;911668258;918772739;925659172;932295857;938907847;945537225;952237708;959544097;967891346;976281867;984470648;992300162;1000017639;1007910977;1014832194;1020955181;1026174892;
Europe & Central Asia (IDA & IBRD countries);TEC;Population, female;SP.POP.TOTL.FE.IN;225403601;225312167;225150947;225052955;225207101;225465897;225751468;226092595;226505200;227163383;228052446;229039751;230159219;231261033;232465303;233658524;234878251;236057211;237140947;238091291;238976906;239604635;
Togo;TGO;Population, female;SP.POP.TOTL.FE.IN;2421386;2492569;2561204;2628235;2694959;2763371;2834944;2909941;2987877;3068509;3151362;3236041;3322594;3411071;3501143;3592387;3684504;3777354;3871015;3965694;4061713;4159333;
Thailand;THA;Population, female;SP.POP.TOTL.FE.IN;31488907;31858179;32187719;32484850;32754202;33004501;33242497;33468091;33679474;33880021;34073804;34263753;34451327;34636105;34816557;34990213;35155051;35310912;35457991;35595069;35720735;35833918;
Tajikistan;TJK;Population, female;SP.POP.TOTL.FE.IN;3056484;3102606;3151363;3203159;3258005;3315715;3376232;3439626;3506200;3576388;3650719;3729559;3812811;3900294;3992093;4088264;4188683;4293442;4401952;4512549;4623070;4731904;
Turkmenistan;TKM;Population, female;SP.POP.TOTL.FE.IN;2267633;2293296;2317935;2341554;2365064;2389522;2415764;2444100;2474709;2508075;2544660;2584697;2628449;2675610;2725077;2775337;2825213;2874284;2922583;2969961;3016406;3061877;
Latin America & the Caribbean (IDA & IBRD countries);TLA;Population, female;SP.POP.TOTL.FE.IN;251568804;255428339;259219944;262941205;266596963;270200532;273760133;277275326;280746372;284182977;287597205;290942031;294358376;297754837;301124813;304455817;307737675;310967324;314145237;317270579;320342271;323359375;
Timor-Leste;TLS;Population, female;SP.POP.TOTL.FE.IN;432115;437591;445912;456577;468719;481020;492521;503018;512801;522113;531343;540775;550445;560232;570259;580675;591555;602951;614851;627121;639613;652200;
Middle East & North Africa (IDA & IBRD countries);TMN;Population, female;SP.POP.TOTL.FE.IN;134360240;136781700;139193016;141603799;144041777;146541525;149127690;151813108;154592200;157447574;160351857;163284482;166242635;169231781;172249084;175292766;178362335;181446771;184545542;187680703;190882896;194169576;
Tonga;TON;Population, female;SP.POP.TOTL.FE.IN;47830;48100;48447;48871;49327;49791;50256;50722;51170;51561;51807;51851;51659;51287;50843;50505;50407;50589;51005;51586;52211;52793;
South Asia (IDA & IBRD);TSA;Population, female;SP.POP.TOTL.FE.IN;657579225;670070691;682535320;694956802;707313317;719580592;731738304;743777659;755691434;767464143;779079795;790528602;801799450;812841807;823808646;834687441;845488839;856242004;866921159;877506768;887944625;898262751;
Sub-Saharan Africa (IDA & IBRD countries);TSS;Population, female;SP.POP.TOTL.FE.IN;325820462;334447840;343291969;352369049;361709785;371355500;381336354;391666740;402344611;413363223;424705346;436360498;448322832;460598685;473178804;486054416;499217782;512665156;526391281;540380177;554613045;569076163;
Trinidad and Tobago;TTO;Population, female;SP.POP.TOTL.FE.IN;634547;636416;639007;642242;645905;649650;653253;656627;659859;663099;666555;670386;674629;679168;683835;688380;692615;696476;699979;703139;705987;708544;
Tunisia;TUN;Population, female;SP.POP.TOTL.FE.IN;4767441;4819179;4867308;4912232;4955877;5000690;5048475;5100084;5155243;5213159;5272483;5332212;5392038;5452270;5513159;5575111;5638325;5702821;5768086;5833159;5896741;5957866;
Turkey;TUR;Population, female;SP.POP.TOTL.FE.IN;31607152;32096148;32583788;33071044;33553500;34025331;34483857;34924109;35351055;35783887;36248632;36762746;37330533;37942454;38584479;39235978;39879351;40514350;41138240;41728157;42255898;42702942;
Tuvalu;TUV;Population, female;SP.POP.TOTL.FE.IN;;;;;;;;;;;;;;;;;;;;;;;
Tanzania;TZA;Population, female;SP.POP.TOTL.FE.IN;16427122;16838006;17283163;17758831;18260492;18780108;19312186;19856009;20415193;20993496;21596200;22227068;22887321;23575682;24290238;25027953;25786500;26565525;27365425;28185448;29024840;29883105;
Uganda;UGA;Population, female;SP.POP.TOTL.FE.IN;11650079;12007349;12381575;12772573;13180488;13604894;14045554;14503938;14981114;15476024;15986976;16513345;17051388;17602608;18177539;18790443;19449739;20161759;20918416;21696127;22462421;23194411;
Ukraine;UKR;Population, female;SP.POP.TOTL.FE.IN;26539164;26285302;26023292;25790793;25597212;25421045;25255618;25109112;24985661;24875673;24784957;24697619;24609941;24541510;24472263;24340622;24264557;24174765;24074287;23956826;23825336;23685780;
Upper middle income;UMC;Population, female;SP.POP.TOTL.FE.IN;1073961717;1083596454;1092566308;1101038104;1109344787;1117481645;1125545976;1133400531;1141004231;1148767227;1156743061;1164765590;1173581538;1183586179;1193734223;1203718270;1213300725;1222734583;1232258911;1240620971;1247984585;1254058696;
Uruguay;URY;Population, female;SP.POP.TOTL.FE.IN;1706429;1713076;1716910;1718306;1718279;1718302;1719395;1721948;1725707;1730363;1735393;1740387;1745315;1750324;1755455;1760783;1766341;1772136;1778065;1784026;1789842;1795391;
United States;USA;Population, female;SP.POP.TOTL.FE.IN;141656845;143178430;144541124;145830133;147035365;148355637;149690393;151111214;152533798;153964934;155298019;156560332;157660006;158770009;159819809;160946434;162095782;163245938;164262696;165118706;165867325;167468430;
Uzbekistan;UZB;Population, female;SP.POP.TOTL.FE.IN;12220083;12392841;12553356;12710787;12862154;13013224;13166133;13327015;13515988;13731555;13961440;14357068;14743327;14957457;15188192;15441602;15708087;15978186;16243957;16523318;16831656;17154565;
St. Vincent and the Grenadines;VCT;Population, female;SP.POP.TOTL.FE.IN;53522;53487;53506;53589;53679;53747;53745;53664;53536;53387;53240;53158;53138;53176;53265;53399;53554;53758;53985;54233;54496;54729;
Venezuela, RB;VEN;Population, female;SP.POP.TOTL.FE.IN;11821836;12052838;12284824;12517096;12748443;12977216;13202089;13418808;13626270;13829691;14036614;14250186;14482251;14726158;14945203;15089558;15128613;15040542;14849444;14626489;14470601;14451011;
British Virgin Islands;VGB;Population, female;SP.POP.TOTL.FE.IN;;;;;;;;;;;;;;;;;;;;;;;
Virgin Islands (U.S.);VIR;Population, female;SP.POP.TOTL.FE.IN;56157;56183;56125;56079;56054;56029;56052;56074;56162;56309;56431;56503;56537;56534;56491;56434;56384;56309;56224;56108;55972;55802;
Vietnam;VNM;Population, female;SP.POP.TOTL.FE.IN;39897047;40339929;40761946;41163645;41550237;41927658;42301134;42672673;43044661;43422822;43813576;44221289;44648193;45092770;45550533;46014709;46479616;46944163;47407628;47865095;48310756;48740329;
Vanuatu;VUT;Population, female;SP.POP.TOTL.FE.IN;88496;90360;92483;94826;97334;99915;102520;105118;107736;110427;113262;116283;119503;122893;126409;129980;133555;137121;140686;144256;147844;151460;
World;WLD;Population, female;SP.POP.TOTL.FE.IN;2995066666;3034538680;3073582436;3112370473;3151112363;3190089432;3229328768;3268965072;3308860269;3349478592;3390053977;3430616859;3471095394;3513490180;3556354839;3599285700;3641926223;3684519302;3726903670;3768113365;3808261264;3848036163;
Samoa;WSM;Population, female;SP.POP.TOTL.FE.IN;83163;83572;84075;84648;85279;85938;86593;87249;87907;88580;89259;89965;90703;91465;92210;92891;93473;93934;94297;94644;95089;95707;
Kosovo;XKX;Population, female;SP.POP.TOTL.FE.IN;;;;;;;;;;;;;;;;;;;;;;;
Yemen, Rep.;YEM;Population, female;SP.POP.TOTL.FE.IN;8377577;8626157;8882752;9145682;9415229;9691050;9972934;10261091;10556029;10857975;11167099;11483269;11806655;12136525;12470750;12806509;13141685;13475302;13807512;14138669;14469638;14800983;
South Africa;ZAF;Population, female;SP.POP.TOTL.FE.IN;22476167;22796107;23103252;23397962;23686434;23976130;24273136;24579340;24895876;25226850;25576554;25947466;26341727;26757264;27186808;27620134;28049365;28471936;28888314;29297427;29698965;30092678;
Zambia;ZMB;Population, female;SP.POP.TOTL.FE.IN;5110898;5251908;5394084;5538432;5685882;5837791;5995319;6158454;6327444;6503983;6690201;6887474;7096729;7317296;7547003;7782731;8022199;8264686;8510848;8761437;9017820;9280950;
Zimbabwe;ZWE;Population, female;SP.POP.TOTL.FE.IN;6019337;6067179;6111887;6154635;6197522;6242964;6293011;6347986;6408522;6477094;6556601;6648704;6755208;6874616;7001157;7126795;7245864;7356132;7459545;7559693;7662120;7770917;